{
  "node": 0,
  "feature": "SYN Flag Count",
  "threshold": 1.5,
  "value": [
    [
      0.0845116128134996,
      0.5493950210931343,
      0.03562653562653563,
      0.033621528904547775,
      0.29684530156228267
    ]
  ],
  "children": [
    {
      "node": 1,
      "feature": "Bwd Packet Length Min",
      "threshold": 5.5,
      "value": [
        [
          0.14633292019184135,
          0.0025596809829174973,
          0.08282588780514091,
          0.07816457401519643,
          0.6901169370049038
        ]
      ],
      "children": [
        {
          "node": 3,
          "feature": "Total Fwd Packet",
          "threshold": 99.5,
          "value": [
            [
              0.5808491418247516,
              0.010711059491547296,
              0.3966963479158601,
              0.0,
              0.011743450767841012
            ]
          ],
          "children": [
            {
              "node": 7,
              "feature": "Active Min",
              "threshold": 756117.0,
              "value": [
                [
                  0.9981255857544518,
                  0.0009372071227741331,
                  0.0009372071227741331,
                  0.0,
                  0.0
                ]
              ],
              "children": [
                {
                  "node": 15,
                  "feature": "Flow IAT Min",
                  "threshold": 951.5,
                  "value": [
                    [
                      0.625,
                      0.375,
                      0.0,
                      0.0,
                      0.0
                    ]
                  ],
                  "children": [
                    {
                      "node": 31,
                      "feature": "Idle Min",
                      "threshold": 9983914.5,
                      "value": [
                        [
                          0.3023255813953488,
                          0.6976744186046512,
                          0.0,
                          0.0,
                          0.0
                        ]
                      ],
                      "children": [
                        {
                          "node": 63,
                          "feature": "Fwd Seg Size Min",
                          "threshold": 14.0,
                          "value": [
                            [
                              0.9867403314917127,
                              0.013259668508287293,
                              0.0,
                              0.0,
                              0.0
                            ]
                          ],
                          "children": []
                        },
                        {
                          "node": 64,
                          "feature": "leaf",
                          "threshold": -2.0,
                          "value": [
                            [
                              0.0,
                              1.0,
                              0.0,
                              0.0,
                              0.0
                            ]
                          ],
                          "children": []
                        }
                      ]
                    },
                    {
                      "node": 32,
                      "feature": "Active Max",
                      "threshold": 4096014.5,
                      "value": [
                        [
                          0.21052631578947367,
                          0.7894736842105263,
                          0.0,
                          0.0,
                          0.0
                        ]
                      ],
                      "children": [
                        {
                          "node": 65,
                          "feature": "leaf",
                          "threshold": -2.0,
                          "value": [
                            [
                              1.0,
                              0.0,
                              0.0,
                              0.0,
                              0.0
                            ]
                          ],
                          "children": []
                        },
                        {
                          "node": 66,
                          "feature": "Bwd Packets/s",
                          "threshold": 0.09981583058834076,
                          "value": [
                            [
                              0.03784828147244255,
                              0.9621517185275574,
                              0.0,
                              0.0,
                              0.0
                            ]
                          ],
                          "children": []
                        }
                      ]
                    }
                  ]
                },
                {
                  "node": 16,
                  "feature": "leaf",
                  "threshold": -2.0,
                  "value": [
                    [
                      1.0,
                      0.0,
                      0.0,
                      0.0,
                      0.0
                    ]
                  ],
                  "children": []
                }
              ]
            },
            {
              "node": 8,
              "feature": "Total Fwd Packet",
              "threshold": 73.0,
              "value": [
                [
                  0.9988262910798122,
                  0.00023474178403755868,
                  0.0009389671361502347,
                  0.0,
                  0.0
                ]
              ],
              "children": [
                {
                  "node": 17,
                  "feature": "Flow IAT Min",
                  "threshold": 1108473.5,
                  "value": [
                    [
                      0.25,
                      0.75,
                      0.0,
                      0.0,
                      0.0
                    ]
                  ],
                  "children": [
                    {
                      "node": 35,
                      "feature": "leaf",
                      "threshold": -2.0,
                      "value": [
                        [
                          0.04,
                          0.96,
                          0.0,
                          0.0,
                          0.0
                        ]
                      ],
                      "children": []
                    },
                    {
                      "node": 36,
                      "feature": "Fwd IAT Min",
                      "threshold": 24.0,
                      "value": [
                        [
                          0.5,
                          0.5,
                          0.0,
                          0.0,
                          0.0
                        ]
                      ],
                      "children": []
                    }
                  ]
                },
                {
                  "node": 18,
                  "feature": "leaf",
                  "threshold": -2.0,
                  "value": [
                    [
                      0.0,
                      1.0,
                      0.0,
                      0.0,
                      0.0
                    ]
                  ],
                  "children": []
                }
              ]
            }
          ]
        },
        {
          "node": 4,
          "feature": "Packet Length Min",
          "threshold": 4.0,
          "value": [
            [
              0.9697038209360163,
              0.008817544652950485,
              0.0009043635541487678,
              0.0,
              0.02057427085688447
            ]
          ],
          "children": [
            {
              "node": 9,